{
  "seed123": {
    "has_gt": {
      "mean": null,
      "sd": null,
      "median": null,
      "iqr": null,
      "n": 0
    },
    "t2w_gt": {
      "mean": -1.9002765338332723,
      "sd": 5.054183542235701,
      "median": -0.9676236688269143,
      "iqr": 1.8868402815227305,
      "n": 102
    },
    "t2w_fp": {
      "mean": -3.7647462996908696,
      "sd": 8.115314284262961,
      "median": -1.4833630171192405,
      "iqr": 2.312983554194682,
      "n": 155
    },
    "t2w_benign": {
      "mean": -0.22476249288328615,
      "sd": 7.40519452748108,
      "median": 0.32260511116324625,
      "iqr": 1.6553819304338293,
      "n": 86
    },
    "hbv_gt": {
      "mean": 0.8273797347882101,
      "sd": 0.6649579668276895,
      "median": 0.6472684960155639,
      "iqr": 0.5886856915044465,
      "n": 102
    },
    "hbv_fp": {
      "mean": 0.168998013053991,
      "sd": 1.0825319210771027,
      "median": 0.09199454702286917,
      "iqr": 0.48359674650211937,
      "n": 155
    },
    "hbv_benign": {
      "mean": 0.9086061878913827,
      "sd": 6.354789629111449,
      "median": 0.20904641660201495,
      "iqr": 0.2211622466587358,
      "n": 86
    },
    "adc_gt": {
      "mean": -0.16571923816160772,
      "sd": 0.10754146250566941,
      "median": -0.1699959746144048,
      "iqr": 0.13572365809148595,
      "n": 102
    },
    "adc_fp": {
      "mean": -0.11176708131413939,
      "sd": 0.20217776650081656,
      "median": -0.08758414449360025,
      "iqr": 0.18773770603447554,
      "n": 155
    },
    "adc_benign": {
      "mean": 0.10858132545322258,
      "sd": 0.12743546017375887,
      "median": 0.11593812132648124,
      "iqr": 0.202013178717596,
      "n": 86
    }
  },
  "seed456": {
    "has_gt": {
      "mean": null,
      "sd": null,
      "median": null,
      "iqr": null,
      "n": 0
    },
    "t2w_gt": {
      "mean": -1.9002765338332723,
      "sd": 5.054183542235701,
      "median": -0.9676236688269143,
      "iqr": 1.8868402815227305,
      "n": 102
    },
    "t2w_fp": {
      "mean": -4.131704809589265,
      "sd": 9.696198476656855,
      "median": -1.9130420726886563,
      "iqr": 3.1001760656236828,
      "n": 158
    },
    "t2w_benign": {
      "mean": -0.22476249288328615,
      "sd": 7.40519452748108,
      "median": 0.32260511116324625,
      "iqr": 1.6553819304338293,
      "n": 86
    },
    "hbv_gt": {
      "mean": 0.8273797347882101,
      "sd": 0.6649579668276895,
      "median": 0.6472684960155639,
      "iqr": 0.5886856915044465,
      "n": 102
    },
    "hbv_fp": {
      "mean": -0.22743412951111555,
      "sd": 0.270550835437805,
      "median": -0.2337965145089762,
      "iqr": 0.2688168128744106,
      "n": 158
    },
    "hbv_benign": {
      "mean": 0.9086061878913827,
      "sd": 6.354789629111449,
      "median": 0.20904641660201495,
      "iqr": 0.2211622466587358,
      "n": 86
    },
    "adc_gt": {
      "mean": -0.16571923816160772,
      "sd": 0.10754146250566941,
      "median": -0.1699959746144048,
      "iqr": 0.13572365809148595,
      "n": 102
    },
    "adc_fp": {
      "mean": -0.24498218292489488,
      "sd": 0.10444572855284065,
      "median": -0.24767052054886124,
      "iqr": 0.14107011472973363,
      "n": 158
    },
    "adc_benign": {
      "mean": 0.10858132545322258,
      "sd": 0.12743546017375887,
      "median": 0.11593812132648124,
      "iqr": 0.202013178717596,
      "n": 86
    }
  },
  "seed789": {
    "has_gt": {
      "mean": null,
      "sd": null,
      "median": null,
      "iqr": null,
      "n": 0
    },
    "t2w_gt": {
      "mean": -1.9002765338332723,
      "sd": 5.054183542235701,
      "median": -0.9676236688269143,
      "iqr": 1.8868402815227305,
      "n": 102
    },
    "t2w_fp": {
      "mean": -11.487898674280142,
      "sd": 34.697155753331124,
      "median": -2.8259403446001667,
      "iqr": 5.237292342345683,
      "n": 158
    },
    "t2w_benign": {
      "mean": -0.22476249288328615,
      "sd": 7.40519452748108,
      "median": 0.32260511116324625,
      "iqr": 1.6553819304338293,
      "n": 86
    },
    "hbv_gt": {
      "mean": 0.8273797347882101,
      "sd": 0.6649579668276895,
      "median": 0.6472684960155639,
      "iqr": 0.5886856915044465,
      "n": 102
    },
    "hbv_fp": {
      "mean": 0.018413452889618185,
      "sd": 0.593747342018906,
      "median": -0.05880452390681704,
      "iqr": 0.4942124983235573,
      "n": 158
    },
    "hbv_benign": {
      "mean": 0.9086061878913827,
      "sd": 6.354789629111449,
      "median": 0.20904641660201495,
      "iqr": 0.2211622466587358,
      "n": 86
    },
    "adc_gt": {
      "mean": -0.16571923816160772,
      "sd": 0.10754146250566941,
      "median": -0.1699959746144048,
      "iqr": 0.13572365809148595,
      "n": 102
    },
    "adc_fp": {
      "mean": -0.1798255367446662,
      "sd": 0.16651029398232634,
      "median": -0.1727427376716414,
      "iqr": 0.1789008268267751,
      "n": 158
    },
    "adc_benign": {
      "mean": 0.10858132545322258,
      "sd": 0.12743546017375887,
      "median": 0.11593812132648124,
      "iqr": 0.202013178717596,
      "n": 86
    }
  },
  "seed1024": {
    "has_gt": {
      "mean": null,
      "sd": null,
      "median": null,
      "iqr": null,
      "n": 0
    },
    "t2w_gt": {
      "mean": -1.9002765338332723,
      "sd": 5.054183542235701,
      "median": -0.9676236688269143,
      "iqr": 1.8868402815227305,
      "n": 102
    },
    "t2w_fp": {
      "mean": -8.907177231397078,
      "sd": 34.1732124141824,
      "median": -2.204420013188431,
      "iqr": 4.0259070472247815,
      "n": 158
    },
    "t2w_benign": {
      "mean": -0.22476249288328615,
      "sd": 7.40519452748108,
      "median": 0.32260511116324625,
      "iqr": 1.6553819304338293,
      "n": 86
    },
    "hbv_gt": {
      "mean": 0.8273797347882101,
      "sd": 0.6649579668276895,
      "median": 0.6472684960155639,
      "iqr": 0.5886856915044465,
      "n": 102
    },
    "hbv_fp": {
      "mean": 0.11811904410675846,
      "sd": 0.7101945915719189,
      "median": 0.0719480649863663,
      "iqr": 0.5604373110736274,
      "n": 158
    },
    "hbv_benign": {
      "mean": 0.9086061878913827,
      "sd": 6.354789629111449,
      "median": 0.20904641660201495,
      "iqr": 0.2211622466587358,
      "n": 86
    },
    "adc_gt": {
      "mean": -0.16571923816160772,
      "sd": 0.10754146250566941,
      "median": -0.1699959746144048,
      "iqr": 0.13572365809148595,
      "n": 102
    },
    "adc_fp": {
      "mean": -0.11477070957963122,
      "sd": 0.13028809025077914,
      "median": -0.1034665262176534,
      "iqr": 0.17302336394821083,
      "n": 158
    },
    "adc_benign": {
      "mean": 0.10858132545322258,
      "sd": 0.12743546017375887,
      "median": 0.11593812132648124,
      "iqr": 0.202013178717596,
      "n": 86
    }
  }
}