{
  "picai": {
    "cohort": "picai",
    "n_fp_total": 14274,
    "n_finite_similarity": 4203,
    "n_nan_similarity": 10071,
    "tertile_boundaries_cosine": {
      "p33": 0.15145892934354502,
      "p67": 0.7635073567560415
    },
    "pooled": {
      "n_suppressed_total": 4008,
      "n_residual_total": 10266,
      "suppression_rate_overall": 0.2807902480033628,
      "tiers": {
        "low": {
          "n": 1401,
          "n_suppressed": 427,
          "n_residual": 974,
          "suppression_rate": 0.3047822983583155,
          "proportion_of_all_fps": 0.09815048339638503,
          "share_of_suppressed": 0.10653692614770459,
          "share_of_residual": 0.09487629066822521
        },
        "mid": {
          "n": 1401,
          "n_suppressed": 363,
          "n_residual": 1038,
          "suppression_rate": 0.25910064239828695,
          "proportion_of_all_fps": 0.09815048339638503,
          "share_of_suppressed": 0.09056886227544911,
          "share_of_residual": 0.1011104617182934
        },
        "high": {
          "n": 1401,
          "n_suppressed": 388,
          "n_residual": 1013,
          "suppression_rate": 0.2769450392576731,
          "proportion_of_all_fps": 0.09815048339638503,
          "share_of_suppressed": 0.0968063872255489,
          "share_of_residual": 0.09867523865186051
        },
        "nan": {
          "n": 10071,
          "n_suppressed": 2830,
          "n_residual": 7241,
          "suppression_rate": 0.2810048654552676,
          "proportion_of_all_fps": 0.7055485498108449,
          "share_of_suppressed": 0.7060878243512974,
          "share_of_residual": 0.7053380089616209
        }
      }
    },
    "per_seed": {
      "seed42": {
        "n_fp_total": 3255,
        "n_suppressed_total": 559,
        "n_residual_total": 2696,
        "suppression_rate_overall": 0.1717357910906298,
        "tiers": {
          "low": {
            "n": 342,
            "n_suppressed": 62,
            "n_residual": 280,
            "suppression_rate": 0.18128654970760233,
            "share_of_suppressed": 0.11091234347048301,
            "share_of_residual": 0.10385756676557864
          },
          "mid": {
            "n": 326,
            "n_suppressed": 49,
            "n_residual": 277,
            "suppression_rate": 0.15030674846625766,
            "share_of_suppressed": 0.08765652951699464,
            "share_of_residual": 0.10274480712166172
          },
          "high": {
            "n": 305,
            "n_suppressed": 54,
            "n_residual": 251,
            "suppression_rate": 0.17704918032786884,
            "share_of_suppressed": 0.09660107334525939,
            "share_of_residual": 0.09310089020771513
          },
          "nan": {
            "n": 2282,
            "n_suppressed": 394,
            "n_residual": 1888,
            "suppression_rate": 0.1726555652936021,
            "share_of_suppressed": 0.7048300536672629,
            "share_of_residual": 0.7002967359050445
          }
        }
      },
      "seed123": {
        "n_fp_total": 2152,
        "n_suppressed_total": 828,
        "n_residual_total": 1324,
        "suppression_rate_overall": 0.3847583643122677,
        "tiers": {
          "low": {
            "n": 213,
            "n_suppressed": 86,
            "n_residual": 127,
            "suppression_rate": 0.40375586854460094,
            "share_of_suppressed": 0.10386473429951691,
            "share_of_residual": 0.09592145015105741
          },
          "mid": {
            "n": 210,
            "n_suppressed": 78,
            "n_residual": 132,
            "suppression_rate": 0.37142857142857144,
            "share_of_suppressed": 0.09420289855072464,
            "share_of_residual": 0.09969788519637462
          },
          "high": {
            "n": 205,
            "n_suppressed": 67,
            "n_residual": 138,
            "suppression_rate": 0.32682926829268294,
            "share_of_suppressed": 0.08091787439613526,
            "share_of_residual": 0.1042296072507553
          },
          "nan": {
            "n": 1524,
            "n_suppressed": 597,
            "n_residual": 927,
            "suppression_rate": 0.39173228346456695,
            "share_of_suppressed": 0.7210144927536232,
            "share_of_residual": 0.7001510574018127
          }
        }
      },
      "seed456": {
        "n_fp_total": 3467,
        "n_suppressed_total": 591,
        "n_residual_total": 2876,
        "suppression_rate_overall": 0.17046437842515144,
        "tiers": {
          "low": {
            "n": 316,
            "n_suppressed": 56,
            "n_residual": 260,
            "suppression_rate": 0.17721518987341772,
            "share_of_suppressed": 0.09475465313028765,
            "share_of_residual": 0.09040333796940195
          },
          "mid": {
            "n": 332,
            "n_suppressed": 51,
            "n_residual": 281,
            "suppression_rate": 0.1536144578313253,
            "share_of_suppressed": 0.08629441624365482,
            "share_of_residual": 0.09770514603616133
          },
          "high": {
            "n": 328,
            "n_suppressed": 60,
            "n_residual": 268,
            "suppression_rate": 0.18292682926829268,
            "share_of_suppressed": 0.10152284263959391,
            "share_of_residual": 0.09318497913769123
          },
          "nan": {
            "n": 2491,
            "n_suppressed": 424,
            "n_residual": 2067,
            "suppression_rate": 0.1702127659574468,
            "share_of_suppressed": 0.7174280879864636,
            "share_of_residual": 0.7187065368567455
          }
        }
      },
      "seed789": {
        "n_fp_total": 2575,
        "n_suppressed_total": 1079,
        "n_residual_total": 1496,
        "suppression_rate_overall": 0.41902912621359223,
        "tiers": {
          "low": {
            "n": 244,
            "n_suppressed": 109,
            "n_residual": 135,
            "suppression_rate": 0.44672131147540983,
            "share_of_suppressed": 0.1010194624652456,
            "share_of_residual": 0.09024064171122995
          },
          "mid": {
            "n": 246,
            "n_suppressed": 101,
            "n_residual": 145,
            "suppression_rate": 0.4105691056910569,
            "share_of_suppressed": 0.09360518999073215,
            "share_of_residual": 0.09692513368983957
          },
          "high": {
            "n": 289,
            "n_suppressed": 120,
            "n_residual": 169,
            "suppression_rate": 0.41522491349480967,
            "share_of_suppressed": 0.11121408711770157,
            "share_of_residual": 0.11296791443850267
          },
          "nan": {
            "n": 1796,
            "n_suppressed": 749,
            "n_residual": 1047,
            "suppression_rate": 0.41703786191536746,
            "share_of_suppressed": 0.6941612604263206,
            "share_of_residual": 0.6998663101604278
          }
        }
      },
      "seed1024": {
        "n_fp_total": 2825,
        "n_suppressed_total": 951,
        "n_residual_total": 1874,
        "suppression_rate_overall": 0.33663716814159295,
        "tiers": {
          "low": {
            "n": 286,
            "n_suppressed": 114,
            "n_residual": 172,
            "suppression_rate": 0.3986013986013986,
            "share_of_suppressed": 0.11987381703470032,
            "share_of_residual": 0.09178228388473852
          },
          "mid": {
            "n": 287,
            "n_suppressed": 84,
            "n_residual": 203,
            "suppression_rate": 0.2926829268292683,
            "share_of_suppressed": 0.08832807570977919,
            "share_of_residual": 0.10832443970117396
          },
          "high": {
            "n": 274,
            "n_suppressed": 87,
            "n_residual": 187,
            "suppression_rate": 0.3175182481751825,
            "share_of_suppressed": 0.0914826498422713,