{
  "picai": {
    "n_seeds_completed": 5,
    "threshold_sweep": {
      "casespec_matched": {
        "mean": 0.037037037037037035,
        "sd": 0.024931318551548627,
        "per_seed": [
          0.023148148148148147,
          0.06018518518518518,
          0.0,
          0.05092592592592592,
          0.05092592592592592
        ],
        "n": 5
      },
      "casesens_matched": {
        "mean": 0.9833333333333334,
        "sd": 0.018054465342979914,
        "per_seed": [
          0.9880952380952381,
          0.9880952380952381,
          1.0,
          0.9523809523809523,
          0.9880952380952381
        ],
        "n": 5
      },
      "tau_matched": {
        "mean": 0.7939999999999999,
        "sd": 0.43826932358995874,
        "per_seed": [
          0.99,
          0.99,
          0.01,
          0.99,
          0.99
        ],
        "n": 5
      }
    },
    "p2a_reference": {
      "casespec_matched": {
        "mean": 0.075,
        "sd": 0.05190556080805171,
        "per_seed": [
          0.041666666666666664,
          0.10648148148148148,
          0.0,
          0.10648148148148148,
          0.12037037037037036
        ],
        "n": 5
      },
      "casesens_matched": {
        "mean": 0.9714285714285715,
        "sd": 0.023206653201926112,
        "per_seed": [
          0.9642857142857143,
          0.9880952380952381,
          1.0,
          0.9404761904761905,
          0.9642857142857143
        ],
        "n": 5
      },
      "tau_matched": {
        "mean": 0.7939999999999999,
        "sd": 0.43826932358995874,
        "per_seed": [
          0.99,
          0.99,
          0.01,
          0.99,
          0.99
        ],
        "n": 5
      }
    },
    "temperature_scaling": {
      "casespec_matched": {
        "mean": 0.008333333333333333,
        "sd": 0.018633899812498248,
        "per_seed": [
          0.041666666666666664,
          0.0,
          0.0,
          0.0,
          0.0
        ],
        "n": 5
      },
      "casesens_matched": {
        "mean": 0.9928571428571429,
        "sd": 0.01597191412499849,
        "per_seed": [
          0.9642857142857143,
          1.0,
          1.0,
          1.0,
          1.0
        ],
        "n": 5
      },
      "T_values": {
        "mean": 1.7759215935346542e+21,
        "sd": 9.927703514633094e+20,
        "per_seed": [
          100.0,
          2.2199019919183179e+21,
          2.2199019919183179e+21,
          2.2199019919183179e+21,
          2.2199019919183179e+21
        ],
        "n": 5
      },
      "note": "T-scaling is a monotonic recalibration; at matched sens it is mathematically equivalent to threshold sweep on the original softmax.  Reported values may differ from threshold_sweep only because the slow script evaluates on a 2/3 stratified holdout rather than the full cohort.  See DECISION.md."
    },
    "platt_scaling": {
      "casespec_matched": {
        "mean": 0.09861111111111111,
        "sd": 0.04457446259967004,
        "per_seed": [
          0.041666666666666664,
          0.06944444444444445,
          0.14583333333333334,
          0.1388888888888889,
          0.09722222222222222
        ],
        "n": 5
      },
      "casesens_matched": {
        "mean": 0.9499999999999998,
        "sd": 0.00798595706249927,
        "per_seed": [
          0.9642857142857143,
          0.9464285714285714,
          0.9464285714285714,
          0.9464285714285714,
          0.9464285714285714
        ],
        "n": 5
      },
      "a_values": {
        "mean": 0.07781372941463355,
        "sd": 0.03964294080367176,
        "per_seed": [
          0.06748126874012392,
          0.01558442742414434,
          0.12061865100877808,
          0.08869157845957337,
          0.09669272144054801
        ],
        "n": 5
      },
      "b_values": {
        "mean": -1.8870895205452123,
        "sd": 0.467121362115793,
        "per_seed": [
          -1.8110275387819739,
          -1.1453097505597754,
          -2.4048771873869463,
          -1.99429997344405,
          -2.0799331525533136
        ],
        "n": 5
      },
      "note": "Same equivalence argument as temperature scaling."
    },
    "delta_p2a_minus_sweep": {
      "mean": 0.03796296296296296,
      "sd": 0.028236945707364642,
      "per_seed": [
        0.018518518518518517,
        0.0462962962962963,
        0.0,
        0.05555555555555556,
        0.06944444444444445
      ],
      "n_positive_seeds": 4,
      "n_total_seeds": 5
    }
  },
  "prostate158": {
    "n_seeds_completed": 5,
    "threshold_sweep": {
      "casespec_matched": {
        "mean": 0.05714285714285714,
        "sd": 0.031943828249996996,
        "per_seed": [
          0.08928571428571429,
          0.03571428571428571,
          0.017857142857142856,
          0.08928571428571429,
          0.05357142857142857
        ],
        "n": 5
      },
      "casesens_matched": {
        "mean": 0.9450980392156862,
        "sd": 0.005369828995148668,
        "per_seed": [
          0.9509803921568627,
          0.9411764705882353,
          0.9509803921568627,
          0.9411764705882353,
          0.9411764705882353
        ],
        "n": 5
      },
      "tau_matched": {
        "mean": 0.9652050251256281,
        "sd": 0.05391771100586634,
        "per_seed": [
          0.9940301507537688,
          0.8697839195979898,
          0.999,
          0.9840904522613064,
          0.9791206030150753
        ],
        "n": 5
      }
    },
    "p2a_reference": {
      "casespec_matched": {
        "mean": 0.08928571428571427,
        "sd": 0.04187871214128062,
        "per_seed": [
          0.125,
          0.05357142857142857,
          0.10714285714285714,
          0.125,
          0.03571428571428571
        ],
        "n": 5
      },
      "casesens_matched": {
        "mean": 0.9392156862745098,
        "sd": 0.004384447014705454,
        "per_seed": [
          0.9313725490196079,
          0.9411764705882353,
          0.9411764705882353,
          0.9411764705882353,
          0.9411764705882353
        ],
        "n": 5
      },
      "tau_matched": {
        "mean": 0.9512894472361808,
        "sd": 0.05834018795710583,
        "per_seed": [
          0.9940301507537688,
          0.8548743718592964,
          0.999,
          0.9642110552763818,
          0.9443316582914573
        ],
        "n": 5
      }
    },
    "temperature_scaling": {
      "casespec_matched": {
        "mean": 0.02631578947368421,
        "sd": 0.0,
        "per_seed": [
          0.02631578947368421
        ],
        "n": 1
      },
      "casesens_matched": {
        "mean": 0.9558823529411765,
        "sd": 0.0,
        "per_seed": [
          0.9558823529411765
        ],
        "n": 1
      },
      "T_values": {
        "mean": 14.157577597387757,
        "sd": 0.0,
        "per_seed": [
          14.157577597387757
        ],
        "n": 1
      },
      "note": "T-scaling is a monotonic recalibration; at matched sens it is mathematically equivalent to threshold sweep on the original softmax.  Reported values may differ from threshold_sweep only because the slow script evaluates on a 2/3 stratified holdout rather than the full cohort.  See DECISION.md."
    },
    "platt_scaling": {
      "casespec_matched": {
        "mean": 0.02631578947368421,
        "sd": 0.0,
        "per_seed": [
          0.02631578947368421
        ],
        "n": 1
      },
      "casesens_matched": {
        "mean": 0.9558823529411765,
        "sd": 0.0,
        "per_seed": [
          0.9558823529411765
        ],
        "n": 1
      },
      "a_values": {
        "mean": 0.07005810737609589,
        "sd": 0.0,
        "per_seed": [
          0.07005810737609589
        ],
        "n": 1
      },
      "b_values": {
        "mean": 0.0005113762021064763,
        "sd": 0.0,
        "per_seed": [
          0.0005113762021064763
        ],
        "n": 1
      },