{
  "method": "p2a_reference",
  "cohort": "picai",
  "seed": 42,
  "full_cohort": {
    "tau_matched_sens": 0.995,
    "achieved_casesens": 0.9642857142857143,
    "achieved_casespec": 0.05555555555555555,
    "status": "ok",
    "n": 300
  },
  "eval_subset_2_3": {
    "tau_matched_sens": 0.995,
    "achieved_casesens": 0.9642857142857143,
    "achieved_casespec": 0.05555555555555555,
    "status": "ok",
    "n": 200
  }
}