{
  "method": "platt_scaling",
  "cohort": "picai",
  "seed": 456,
  "platt_a": 0.08869157845957337,
  "platt_b": -1.99429997344405,
  "n_fit": 100,
  "n_eval": 200,
  "tau_matched_sens": 0.22,
  "achieved_casesens": 0.9464285714285714,
  "achieved_casespec": 0.1388888888888889,
  "status": "ok"
}