{
  "seed": 123,
  "cohort": "prostate158",
  "tau_match_bare": 0.87,
  "tau_match_p2a": 0.86,
  "min_voxels": 10,
  "n_negative_cases": 56,
  "n_bootstrap": 10000,
  "bootstrap_rng_seed": 20260421,
  "bootstrap": {
    "observed_mean_paired_diff": 0.017857142857142856,
    "ci_2p5": 0.0,
    "ci_97p5": 0.05357142857142857,
    "p_two_sided": 0.7208,
    "n_cases": 56
  }
}