{
  "seed": 789,
  "cohort": "prostate158",
  "tau_match_bare": 0.9600000000000001,
  "tau_match_p2a": 0.9,
  "min_voxels": 10,
  "n_negative_cases": 56,
  "n_bootstrap": 10000,
  "bootstrap_rng_seed": 20260421,
  "bootstrap": {
    "observed_mean_paired_diff": -0.017857142857142856,
    "ci_2p5": -0.07142857142857142,
    "ci_97p5": 0.03571428571428571,
    "p_two_sided": 0.7816,
    "n_cases": 56
  }
}