{
  "n_seeds": 5,
  "seeds": [
    42,
    123,
    456,
    789,
    1024
  ],
  "min_voxels": 10,
  "target_source": "looked_up",
  "casespec_bare_matched": {
    "mean": 0.06071428571428571,
    "sd": 0.05297284633639759,
    "per_seed": [
      0.07142857142857142,
      0.03571428571428571,
      0.0,
      0.05357142857142857,
      0.14285714285714285
    ]
  },
  "casespec_p2a_matched": {
    "mean": 0.049999999999999996,
    "sd": 0.03871336319406928,
    "per_seed": [
      0.10714285714285714,
      0.05357142857142857,
      0.0,
      0.03571428571428571,
      0.05357142857142857
    ]
  },
  "delta_casespec": {
    "mean": -0.010714285714285713,
    "sd": 0.048247343164665335,
    "per_seed": [
      0.03571428571428571,
      0.017857142857142856,
      0.0,
      -0.017857142857142856,
      -0.08928571428571427
    ]
  },
  "wilcoxon_one_sided_greater": {
    "description": "Paired Wilcoxon signed-rank test: H1 = P2a CaseSpec > bare CaseSpec at matched sensitivity",
    "statistic": 7.0,
    "p_value": 0.625
  }
}