{
  "seed": 789,
  "target_casesens_bare": 0.9761904761904762,
  "target_casesens_p2a": 0.9761904761904762,
  "target_source": "looked_up",
  "tau_match_bare": 0.9600000000000001,
  "tau_match_p2a": 0.9,
  "achieved_casesens_bare": 0.9803921568627451,
  "achieved_casesens_p2a": 0.9803921568627451,
  "casespec_bare_matched": 0.05357142857142857,
  "casespec_p2a_matched": 0.03571428571428571,
  "delta_casespec": -0.017857142857142856,
  "min_voxels": 10
}