{
  "seed": 42,
  "target_casesens_bare": 0.9404761904761905,
  "target_casesens_p2a": 0.9404761904761905,
  "target_source": "looked_up",
  "tau_match_bare": 0.99,
  "tau_match_p2a": 0.99,
  "achieved_casesens_bare": 0.9705882352941176,
  "achieved_casesens_p2a": 0.9509803921568627,
  "casespec_bare_matched": 0.07142857142857142,
  "casespec_p2a_matched": 0.10714285714285714,
  "delta_casespec": 0.03571428571428571,
  "min_voxels": 10
}