{
  "seed": 1024,
  "target_casesens_bare": 0.9166666666666666,
  "target_casesens_p2a": 0.9166666666666666,
  "target_source": "looked_up",
  "tau_match_bare": 0.99,
  "tau_match_p2a": 0.9600000000000001,
  "achieved_casesens_bare": 0.8921568627450981,
  "achieved_casesens_p2a": 0.9117647058823529,
  "casespec_bare_matched": 0.14285714285714285,
  "casespec_p2a_matched": 0.05357142857142857,
  "delta_casespec": -0.08928571428571427,
  "min_voxels": 10
}