{
  "seed": 123,
  "n_cases": 300,
  "n_bootstrap": 1000,
  "target_sens": 0.94,
  "full_cohort": {
    "bare_tau": 0.99,
    "bare_casesens": 0.9880952380952381,
    "bare_casespec": 0.06018518518518518,
    "p2a_tau": 0.99,
    "p2a_casesens": 0.9880952380952381,
    "p2a_casespec": 0.10648148148148148,
    "delta_casespec": 0.0462962962962963
  },
  "bootstrap": {
    "bare_casespec": {
      "mean": 0.05951455238434484,
      "sd": 0.016057462626334895,
      "ci_low": 0.031818181818181815,
      "ci_high": 0.09375366784037559,
      "n": 1000
    },
    "p2a_casespec": {
      "mean": 0.10597454540125835,
      "sd": 0.021336237832720376,
      "ci_low": 0.06695684523809524,
      "ci_high": 0.15167682238772287,
      "n": 1000
    },
    "delta_casespec": {
      "mean": 0.04645999301691351,
      "sd": 0.017309214630712156,
      "ci_low": 0.014015446521287637,
      "ci_high": 0.08294930875576037,
      "n": 1000
    }
  }
}