{
  "seed": 42,
  "n_cases": 300,
  "n_bootstrap": 1000,
  "target_sens": 0.94,
  "full_cohort": {
    "bare_tau": 0.99,
    "bare_casesens": 0.9880952380952381,
    "bare_casespec": 0.023148148148148147,
    "p2a_tau": 0.99,
    "p2a_casesens": 0.9642857142857143,
    "p2a_casespec": 0.041666666666666664,
    "delta_casespec": 0.018518518518518517
  },
  "bootstrap": {
    "bare_casespec": {
      "mean": 0.02391320298180554,
      "sd": 0.010661482600428313,
      "ci_low": 0.004651162790697674,
      "ci_high": 0.04674558178677413,
      "n": 1000
    },
    "p2a_casespec": {
      "mean": 0.042029820454380286,
      "sd": 0.014198573242223884,
      "ci_low": 0.01421633282661182,
      "ci_high": 0.07142857142857142,
      "n": 1000
    },
    "delta_casespec": {
      "mean": 0.01811661747257475,
      "sd": 0.009775306729970148,
      "ci_low": 0.0,
      "ci_high": 0.037209302325581395,
      "n": 1000
    }
  }
}