{
  "seed": 1024,
  "n_cases": 300,
  "n_bootstrap": 1000,
  "target_sens": 0.94,
  "full_cohort": {
    "bare_tau": 0.99,
    "bare_casesens": 0.9880952380952381,
    "bare_casespec": 0.05092592592592592,
    "p2a_tau": 0.99,
    "p2a_casesens": 0.9642857142857143,
    "p2a_casespec": 0.12037037037037036,
    "delta_casespec": 0.06944444444444445
  },
  "bootstrap": {
    "bare_casespec": {
      "mean": 0.05144812121208637,
      "sd": 0.014890260761266575,
      "ci_low": 0.023579395168400637,
      "ci_high": 0.08095559845559845,
      "n": 1000
    },
    "p2a_casespec": {
      "mean": 0.11950649532614822,
      "sd": 0.024398970673781807,
      "ci_low": 0.06879447303647349,
      "ci_high": 0.16668604651162788,
      "n": 1000
    },
    "delta_casespec": {
      "mean": 0.06805837411406188,
      "sd": 0.019450169466449136,
      "ci_low": 0.032403673835125456,
      "ci_high": 0.10504702985922604,
      "n": 1000
    }
  }
}