{
  "n_seeds": 5,
  "target_sens": 0.94,
  "n_bootstrap": 1000,
  "full_cohort": {
    "bare_casespec": {
      "mean_across_seeds": 0.037037037037037035,
      "sd_across_seeds": 0.024931318551548627,
      "per_seed": [
        0.023148148148148147,
        0.06018518518518518,
        0.0,
        0.05092592592592592,
        0.05092592592592592
      ]
    },
    "p2a_casespec": {
      "mean_across_seeds": 0.075,
      "sd_across_seeds": 0.05190556080805171,
      "per_seed": [
        0.041666666666666664,
        0.10648148148148148,
        0.0,
        0.10648148148148148,
        0.12037037037037036
      ]
    },
    "delta_casespec": {
      "mean_across_seeds": 0.03796296296296296,
      "sd_across_seeds": 0.028236945707364642,
      "per_seed": [
        0.018518518518518517,
        0.0462962962962963,
        0.0,
        0.05555555555555556,
        0.06944444444444445
      ]
    }
  },
  "bootstrap_mean_per_seed": {
    "bare_casespec_mean": {
      "mean_across_seeds": 0.03638124128489596,
      "sd_across_seeds": 0.02426216569532087,
      "per_seed": [
        0.02391320298180554,
        0.05951455238434484,
        0.0,
        0.047030329846243044,
        0.05144812121208637
      ]
    },
    "p2a_casespec_mean": {
      "mean_across_seeds": 0.0727351517856182,
      "sd_across_seeds": 0.050186124919498504,
      "per_seed": [
        0.042029820454380286,
        0.10597454540125835,
        0.0,
        0.09616489774630407,
        0.11950649532614822
      ]
    },
    "delta_casespec_mean": {
      "mean_across_seeds": 0.03635391050072224,
      "sd_across_seeds": 0.027040972551306088,
      "per_seed": [
        0.01811661747257475,
        0.04645999301691351,
        0.0,
        0.049134567900061044,
        0.06805837411406188
      ]
    },
    "delta_casespec_ci_low": {
      "mean_across_seeds": 0.009283824071282618,
      "sd_across_seeds": 0.014278339121477284,
      "per_seed": [
        0.0,
        0.014015446521287637,
        0.0,
        0.0,
        0.032403673835125456
      ]
    },
    "delta_casespec_ci_high": {
      "mean_across_seeds": 0.06290207944065249,
      "sd_across_seeds": 0.04327811221104908,
      "per_seed": [
        0.037209302325581395,
        0.08294930875576037,
        0.0,
        0.08930475626269463,
        0.10504702985922604
      ]
    }
  },
  "per_seed": [
    {
      "seed": 42,
      "n_cases": 300,
      "n_bootstrap": 1000,
      "target_sens": 0.94,
      "full_cohort": {
        "bare_tau": 0.99,
        "bare_casesens": 0.9880952380952381,
        "bare_casespec": 0.023148148148148147,
        "p2a_tau": 0.99,
        "p2a_casesens": 0.9642857142857143,
        "p2a_casespec": 0.041666666666666664,
        "delta_casespec": 0.018518518518518517
      },
      "bootstrap": {
        "bare_casespec": {
          "mean": 0.02391320298180554,
          "sd": 0.010661482600428313,
          "ci_low": 0.004651162790697674,
          "ci_high": 0.04674558178677413,
          "n": 1000
        },
        "p2a_casespec": {
          "mean": 0.042029820454380286,
          "sd": 0.014198573242223884,
          "ci_low": 0.01421633282661182,
          "ci_high": 0.07142857142857142,
          "n": 1000
        },
        "delta_casespec": {
          "mean": 0.01811661747257475,
          "sd": 0.009775306729970148,
          "ci_low": 0.0,
          "ci_high": 0.037209302325581395,
          "n": 1000
        }
      }
    },
    {
      "seed": 123,
      "n_cases": 300,
      "n_bootstrap": 1000,
      "target_sens": 0.94,
      "full_cohort": {
        "bare_tau": 0.99,
        "bare_casesens": 0.9880952380952381,
        "bare_casespec": 0.06018518518518518,
        "p2a_tau": 0.99,
        "p2a_casesens": 0.9880952380952381,
        "p2a_casespec": 0.10648148148148148,
        "delta_casespec": 0.0462962962962963
      },
      "bootstrap": {
        "bare_casespec": {
          "mean": 0.05951455238434484,
          "sd": 0.016057462626334895,
          "ci_low": 0.031818181818181815,
          "ci_high": 0.09375366784037559,
          "n": 1000
        },
        "p2a_casespec": {
          "mean": 0.10597454540125835,
          "sd": 0.021336237832720376,
          "ci_low": 0.06695684523809524,
          "ci_high": 0.15167682238772287,
          "n": 1000
        },
        "delta_casespec": {
          "mean": 0.04645999301691351,
          "sd": 0.017309214630712156,
          "ci_low": 0.014015446521287637,
          "ci_high": 0.08294930875576037,
          "n": 1000
        }
      }
    },
    {
      "seed": 456,
      "n_cases": 300,
      "n_bootstrap": 1000,
      "target_sens": 0.94,
      "full_cohort": {
        "bare_tau": 0.01,
        "bare_casesens": 1.0,
        "bare_casespec": 0.0,
        "p2a_tau": 0.01,
        "p2a_casesens": 1.0,
        "p2a_casespec": 0.0,
        "delta_casespec": 0.0
      },
      "bootstrap": {
        "bare_casespec": {
          "mean": 0.0,
          "sd": 0.0,
          "ci_low": 0.0,
          "ci_high": 0.0,
          "n": 1000
        },
        "p2a_casespec": {
          "mean": 0.0,
          "sd": 0.0,
          "ci_low": 0.0,
          "ci_high": 0.0,
          "n": 1000
        },
        "delta_casespec": {
          "mean": 0.0,
          "sd": 0.0,
          "ci_low": 0.0,
          "ci_high": 0.0,
          "n": 1000
        }
      }
    },
    {
      "seed": 789,
      "n_cases": 300,
      "n_bootstrap": 1000,
      "target_sens": 0.94,
      "full_cohort": {
        "bare_tau": 0.99,
        "bare_casesens": 0.9523809523809523,
        "bare_casespec": 0.05092592592592592,
        "p2a_tau": 0.99,
        "p2a_casesens": 0.9404761904761905,
        "p2a_casespec": 0.10648148148148148,
        "delta_casespec": 0.05555555555555556
      },
      "bootstrap": {
        "bare_casespec": {
          "mean": 0.047030329846243044,
          "sd": 0.017208840834791753,
          "ci_low": 0.013331858407079646,
          "ci_high": 0.0801981802736296,
          "n": 1000
        },
        "p2a_casespec": {
          "mean": 0.09616489774630407,
          "sd": 0.028587368694620967,
          "ci_low": 0.03845238095238095,
          "ci_high": 0.1509433962264151,
          "n": 1000
        },
        "delta_casespec": {
          "mean": 0.049134567900061044,
          "sd": 0.022304101773426,
          "ci_low": 0.0,
          "ci_high": 0.08930475626269463,
          "n": 1000
        }
      }
    },
    {
      "seed": 1024,
      "n_cases": 300,
      "n_bootstrap": 1000,
      "target_sens": 0.94,
      "full_cohort": {
        "bare_tau": 0.99,
        "bare_casesens": 0.9880952380952381,
        "bare_casespec": 0.05092592592592592,
        "p2a_tau": 0.99,
        "p2a_casesens": 0.9642857142857143,
        "p2a_casespec": 0.12037037037037036,
        "delta_casespec": 0.06944444444444445
      },
      "bootstrap": {
        "bare_casespec": {
          "mean": 0.05144812121208637,
          "sd": 0.014890260761266575,
          "ci_low": 0.023579395168400637,
          "ci_high": 0.08095559845559845,
          "n": 1000
        },
        "p2a_casespec": {
          "mean": 0.11950649532614822,
          "sd": 0.024398970673781807,
          "ci_low": 0.06879447303647349,
          "ci_high": 0.16668604651162788,
          "n": 1000
        },
        "delta_casespec": {
          "mean": 0.06805837411406188,
          "sd": 0.019450169466449136,
          "ci_low": 0.032403673835125456,
          "ci_high": 0.10504702985922604,
          "n": 1000
        }
      }
    }
  ]
}