{
  "seed": 789,
  "n_cases": 300,
  "n_bootstrap": 1000,
  "target_sens": 0.94,
  "full_cohort": {
    "bare_tau": 0.99,
    "bare_casesens": 0.9523809523809523,
    "bare_casespec": 0.05092592592592592,
    "p2a_tau": 0.99,
    "p2a_casesens": 0.9404761904761905,
    "p2a_casespec": 0.10648148148148148,
    "delta_casespec": 0.05555555555555556
  },
  "bootstrap": {
    "bare_casespec": {
      "mean": 0.047030329846243044,
      "sd": 0.017208840834791753,
      "ci_low": 0.013331858407079646,
      "ci_high": 0.0801981802736296,
      "n": 1000
    },
    "p2a_casespec": {
      "mean": 0.09616489774630407,
      "sd": 0.028587368694620967,
      "ci_low": 0.03845238095238095,
      "ci_high": 0.1509433962264151,
      "n": 1000
    },
    "delta_casespec": {
      "mean": 0.049134567900061044,
      "sd": 0.022304101773426,
      "ci_low": 0.0,
      "ci_high": 0.08930475626269463,
      "n": 1000
    }
  }
}