{
  "n_seeds": 5,
  "n_cases": 158,
  "dice": {
    "mean": 0.13624106496572494,
    "std_ddof1": 0.04021822255983986
  },
  "sensitivity": {
    "mean": 0.29281787276268006,
    "std_ddof1": 0.06344230876910761
  },
  "specificity": {
    "mean": 0.9753721952438354,
    "std_ddof1": 0.01954445395830423
  },
  "case_sensitivity": {
    "mean": 0.9980392156862745,
    "std_ddof1": 0.004384447014705454
  },
  "case_specificity": {
    "mean": 0.007142857142857143,
    "std_ddof1": 0.015971914124998498
  },
  "auroc": {
    "mean": 0.6548844537815126,
    "std_ddof1": 0.034679865729825635
  },
  "ap": {
    "mean": 0.18674875609359737,
    "std_ddof1": 0.06621028759783422
  },
  "ranking_score": {
    "mean": 0.420816604937555,
    "std_ddof1": 0.04227967841849999
  }
}