{
  "seed": 123,
  "dataset": "prostate158",
  "n_cases": 158,
  "dice": 0.15643171966075897,
  "dice_std": 0.2100675106048584,
  "sensitivity": 0.2213400900363922,
  "sensitivity_std": 0.29943808913230896,
  "specificity": 0.9920223355293274,
  "specificity_std": 0.010126776061952114,
  "num_samples": 158,
  "num_positive": 102,
  "num_negative": 56,
  "case_sensitivity": 0.9901960784313726,
  "case_specificity": 0.03571428571428571,
  "auroc": 0.5995273109243698,
  "ap": 0.18633189167143635,
  "ranking_score": 0.3929296012979031
}