{
  "targets": [
    0.8,
    0.85,
    0.9,
    0.95
  ],
  "tolerance": 0.02,
  "n_seeds_total": 5,
  "bare": {
    "0.8": {
      "mean_casespec_reached": 0.25,
      "sd_casespec_reached": null,
      "n_seeds_reached": 1,
      "mean_casespec_all": 0.11428571428571428,
      "sd_casespec_all": 0.09244413646817705,
      "per_seed_sens": [
        0.9705882352941176,
        0.8137254901960784,
        1.0,
        0.9215686274509803,
        0.8921568627450981
      ],
      "per_seed_spec": [
        0.07142857142857142,
        0.25,
        0.0,
        0.10714285714285714,
        0.14285714285714285
      ],
      "per_seed_status": [
        "saturated_min",
        "reached",
        "saturated_min",
        "saturated_min",
        "saturated_min"
      ]
    },
    "0.85": {
      "mean_casespec_reached": 0.17857142857142858,
      "sd_casespec_reached": null,
      "n_seeds_reached": 1,
      "mean_casespec_all": 0.1,
      "sd_casespec_all": 0.0686978002202548,
      "per_seed_sens": [
        0.9705882352941176,
        0.8627450980392157,
        1.0,
        0.9215686274509803,
        0.8921568627450981
      ],
      "per_seed_spec": [
        0.07142857142857142,
        0.17857142857142858,
        0.0,
        0.10714285714285714,
        0.14285714285714285
      ],
      "per_seed_status": [
        "saturated_min",
        "reached",
        "saturated_min",
        "saturated_min",
        "saturated_min"
      ]
    },
    "0.9": {
      "mean_casespec_reached": 0.125,
      "sd_casespec_reached": 0.025253813613805267,
      "n_seeds_reached": 2,
      "mean_casespec_all": 0.08571428571428572,
      "sd_casespec_all": 0.054163396028939645,
      "per_seed_sens": [
        0.9705882352941176,
        0.9019607843137255,
        1.0,
        0.9215686274509803,
        0.8921568627450981
      ],
      "per_seed_spec": [
        0.07142857142857142,
        0.10714285714285714,
        0.0,
        0.10714285714285714,
        0.14285714285714285
      ],
      "per_seed_status": [
        "saturated_min",
        "reached",
        "saturated_min",
        "saturated_min",
        "reached"
      ]
    },
    "0.95": {
      "mean_casespec_reached": 0.05952380952380953,
      "sd_casespec_reached": 0.027277236279499052,
      "n_seeds_reached": 3,
      "mean_casespec_all": 0.05,
      "sd_casespec_all": 0.0343489001101274,
      "per_seed_sens": [
        0.9705882352941176,
        0.9509803921568627,
        1.0,
        0.9509803921568627,
        0.9411764705882353
      ],
      "per_seed_spec": [
        0.07142857142857142,
        0.03571428571428571,
        0.0,
        0.08928571428571429,
        0.05357142857142857
      ],
      "per_seed_status": [
        "saturated_min",
        "reached",
        "saturated_min",
        "reached",
        "reached"
      ]
    }
  },
  "p2a": {
    "0.8": {
      "mean_casespec_reached": 0.2767857142857143,
      "sd_casespec_reached": 0.012626906806902628,
      "n_seeds_reached": 2,
      "mean_casespec_all": 0.1857142857142857,
      "sd_casespec_all": 0.12664730876069388,
      "per_seed_sens": [
        0.9509803921568627,
        0.7941176470588235,
        1.0,
        0.8529411764705882,
        0.803921568627451
      ],
      "per_seed_spec": [
        0.10714285714285714,
        0.26785714285714285,
        0.0,
        0.26785714285714285,
        0.2857142857142857
      ],
      "per_seed_status": [
        "saturated_min",
        "reached",
        "saturated_min",
        "saturated_min",
        "reached"
      ]
    },
    "0.85": {
      "mean_casespec_reached": 0.24107142857142855,
      "sd_casespec_reached": 0.037880720420707906,
      "n_seeds_reached": 2,
      "mean_casespec_all": 0.15357142857142855,
      "sd_casespec_all": 0.10381744181249024,
      "per_seed_sens": [
        0.9509803921568627,
        0.8529411764705882,
        1.0,
        0.8529411764705882,
        0.8725490196078431
      ],
      "per_seed_spec": [
        0.10714285714285714,
        0.21428571428571427,
        0.0,
        0.26785714285714285,
        0.17857142857142858
      ],
      "per_seed_status": [
        "saturated_min",
        "reached",
        "saturated_min",
        "reached",
        "saturated_min"
      ]
    },
    "0.9": {
      "mean_casespec_reached": 0.10714285714285715,
      "sd_casespec_reached": 0.07576144084141581,
      "n_seeds_reached": 2,
      "mean_casespec_all": 0.09999999999999999,
      "sd_casespec_all": 0.07427369408244794,
      "per_seed_sens": [
        0.9509803921568627,
        0.9019607843137255,
        1.0,
        0.9215686274509803,
        0.9117647058823529
      ],
      "per_seed_spec": [
        0.10714285714285714,
        0.16071428571428573,
        0.0,
        0.17857142857142858,
        0.05357142857142857
      ],
      "per_seed_status": [
        "saturated_min",
        "reached",
        "saturated_min",
        "saturated_min",
        "reached"
      ]
    },
    "0.95": {
      "mean_casespec_reached": 0.07142857142857142,
      "sd_casespec_reached": 0.03260253318483132,
      "n_seeds_reached": 4,
      "mean_casespec_all": 0.05714285714285714,
      "sd_casespec_all": 0.04263334423683329,
      "per_seed_sens": [
        0.9509803921568627,
        0.9509803921568627,
        1.0,
        0.9411764705882353,
        0.9509803921568627
      ],
      "per_seed_spec": [
        0.10714285714285714,
        0.05357142857142857,
        0.0,
        0.08928571428571429,
        0.03571428571428571
      ],
      "per_seed_status": [
        "reached",
        "reached",
        "saturated_min",
        "reached",
        "reached"
      ]
    }
  }
}